"Int","PlotDist","Area_Bot","FireUB","RainD","Dist.Area","Area.FireUB"
-2.10588187313506,-0.00552824611194276,0.0184494816100214,0.114212974094053,-1.11152909309199,0.000941700715892087,-0.166186440632593
