"(Intercept)","PlotDist","RainD","TranDirS","PlotDist:TranDirS"
3.74887545718187,-0.000842722047617917,-5.68631570025855,-4.25954520224733,0.0251860476701831
